+String(v).replace(/"/g,)+,+String(v).replace(/"/g,)+,+String(v).replace(/"/g,)+,+String(v).replace(/"/g,)+,+String(v).replace(/"/g,)+
+String(v).replace(/"/g,)+,+String(v).replace(/"/g,)+,+String(v).replace(/"/g,)+,+String(v).replace(/"/g,)+,+String(v).replace(/"/g,)+
+String(v).replace(/"/g,)+,+String(v).replace(/"/g,)+,+String(v).replace(/"/g,)+,+String(v).replace(/"/g,)+,+String(v).replace(/"/g,)+
+String(v).replace(/"/g,)+,+String(v).replace(/"/g,)+,+String(v).replace(/"/g,)+,+String(v).replace(/"/g,)+,+String(v).replace(/"/g,)+
+String(v).replace(/"/g,)+,+String(v).replace(/"/g,)+,+String(v).replace(/"/g,)+,+String(v).replace(/"/g,)+,+String(v).replace(/"/g,)+
+String(v).replace(/"/g,)+,+String(v).replace(/"/g,)+,+String(v).replace(/"/g,)+,+String(v).replace(/"/g,)+,+String(v).replace(/"/g,)+
+String(v).replace(/"/g,)+,+String(v).replace(/"/g,)+,+String(v).replace(/"/g,)+,+String(v).replace(/"/g,)+,+String(v).replace(/"/g,)+
+String(v).replace(/"/g,)+,+String(v).replace(/"/g,)+,+String(v).replace(/"/g,)+,+String(v).replace(/"/g,)+,+String(v).replace(/"/g,)+
+String(v).replace(/"/g,)+,+String(v).replace(/"/g,)+,+String(v).replace(/"/g,)+,+String(v).replace(/"/g,)+,+String(v).replace(/"/g,)+
+String(v).replace(/"/g,)+,+String(v).replace(/"/g,)+,+String(v).replace(/"/g,)+,+String(v).replace(/"/g,)+,+String(v).replace(/"/g,)+
+String(v).replace(/"/g,)+,+String(v).replace(/"/g,)+,+String(v).replace(/"/g,)+,+String(v).replace(/"/g,)+,+String(v).replace(/"/g,)+
+String(v).replace(/"/g,)+,+String(v).replace(/"/g,)+,+String(v).replace(/"/g,)+,+String(v).replace(/"/g,)+,+String(v).replace(/"/g,)+
+String(v).replace(/"/g,)+,+String(v).replace(/"/g,)+,+String(v).replace(/"/g,)+,+String(v).replace(/"/g,)+,+String(v).replace(/"/g,)+
+String(v).replace(/"/g,)+,+String(v).replace(/"/g,)+,+String(v).replace(/"/g,)+,+String(v).replace(/"/g,)+,+String(v).replace(/"/g,)+
+String(v).replace(/"/g,)+,+String(v).replace(/"/g,)+,+String(v).replace(/"/g,)+,+String(v).replace(/"/g,)+,+String(v).replace(/"/g,)+
+String(v).replace(/"/g,)+,+String(v).replace(/"/g,)+,+String(v).replace(/"/g,)+,+String(v).replace(/"/g,)+,+String(v).replace(/"/g,)+
+String(v).replace(/"/g,)+,+String(v).replace(/"/g,)+,+String(v).replace(/"/g,)+,+String(v).replace(/"/g,)+,+String(v).replace(/"/g,)+
+String(v).replace(/"/g,)+,+String(v).replace(/"/g,)+,+String(v).replace(/"/g,)+,+String(v).replace(/"/g,)+,+String(v).replace(/"/g,)+
+String(v).replace(/"/g,)+,+String(v).replace(/"/g,)+,+String(v).replace(/"/g,)+,+String(v).replace(/"/g,)+,+String(v).replace(/"/g,)+
+String(v).replace(/"/g,)+,+String(v).replace(/"/g,)+,+String(v).replace(/"/g,)+,+String(v).replace(/"/g,)+,+String(v).replace(/"/g,)+
+String(v).replace(/"/g,)+,+String(v).replace(/"/g,)+,+String(v).replace(/"/g,)+,+String(v).replace(/"/g,)+,+String(v).replace(/"/g,)+
+String(v).replace(/"/g,)+,+String(v).replace(/"/g,)+,+String(v).replace(/"/g,)+,+String(v).replace(/"/g,)+,+String(v).replace(/"/g,)+
+String(v).replace(/"/g,)+,+String(v).replace(/"/g,)+,+String(v).replace(/"/g,)+,+String(v).replace(/"/g,)+,+String(v).replace(/"/g,)+
+String(v).replace(/"/g,)+,+String(v).replace(/"/g,)+,+String(v).replace(/"/g,)+,+String(v).replace(/"/g,)+,+String(v).replace(/"/g,)+
+String(v).replace(/"/g,)+,+String(v).replace(/"/g,)+,+String(v).replace(/"/g,)+,+String(v).replace(/"/g,)+,+String(v).replace(/"/g,)+
+String(v).replace(/"/g,)+,+String(v).replace(/"/g,)+,+String(v).replace(/"/g,)+,+String(v).replace(/"/g,)+,+String(v).replace(/"/g,)+
+String(v).replace(/"/g,)+,+String(v).replace(/"/g,)+,+String(v).replace(/"/g,)+,+String(v).replace(/"/g,)+,+String(v).replace(/"/g,)+
+String(v).replace(/"/g,)+,+String(v).replace(/"/g,)+,+String(v).replace(/"/g,)+,+String(v).replace(/"/g,)+,+String(v).replace(/"/g,)+
+String(v).replace(/"/g,)+,+String(v).replace(/"/g,)+,+String(v).replace(/"/g,)+,+String(v).replace(/"/g,)+,+String(v).replace(/"/g,)+
+String(v).replace(/"/g,)+,+String(v).replace(/"/g,)+,+String(v).replace(/"/g,)+,+String(v).replace(/"/g,)+,+String(v).replace(/"/g,)+
+String(v).replace(/"/g,)+,+String(v).replace(/"/g,)+,+String(v).replace(/"/g,)+,+String(v).replace(/"/g,)+,+String(v).replace(/"/g,)+
+String(v).replace(/"/g,)+,+String(v).replace(/"/g,)+,+String(v).replace(/"/g,)+,+String(v).replace(/"/g,)+,+String(v).replace(/"/g,)+
+String(v).replace(/"/g,)+,+String(v).replace(/"/g,)+,+String(v).replace(/"/g,)+,+String(v).replace(/"/g,)+,+String(v).replace(/"/g,)+
+String(v).replace(/"/g,)+,+String(v).replace(/"/g,)+,+String(v).replace(/"/g,)+,+String(v).replace(/"/g,)+,+String(v).replace(/"/g,)+
+String(v).replace(/"/g,)+,+String(v).replace(/"/g,)+,+String(v).replace(/"/g,)+,+String(v).replace(/"/g,)+,+String(v).replace(/"/g,)+
+String(v).replace(/"/g,)+,+String(v).replace(/"/g,)+,+String(v).replace(/"/g,)+,+String(v).replace(/"/g,)+,+String(v).replace(/"/g,)+
+String(v).replace(/"/g,)+,+String(v).replace(/"/g,)+,+String(v).replace(/"/g,)+,+String(v).replace(/"/g,)+,+String(v).replace(/"/g,)+
+String(v).replace(/"/g,)+,+String(v).replace(/"/g,)+,+String(v).replace(/"/g,)+,+String(v).replace(/"/g,)+,+String(v).replace(/"/g,)+
+String(v).replace(/"/g,)+,+String(v).replace(/"/g,)+,+String(v).replace(/"/g,)+,+String(v).replace(/"/g,)+,+String(v).replace(/"/g,)+
+String(v).replace(/"/g,)+,+String(v).replace(/"/g,)+,+String(v).replace(/"/g,)+,+String(v).replace(/"/g,)+,+String(v).replace(/"/g,)+
+String(v).replace(/"/g,)+,+String(v).replace(/"/g,)+,+String(v).replace(/"/g,)+,+String(v).replace(/"/g,)+,+String(v).replace(/"/g,)+
+String(v).replace(/"/g,)+,+String(v).replace(/"/g,)+,+String(v).replace(/"/g,)+,+String(v).replace(/"/g,)+,+String(v).replace(/"/g,)+
+String(v).replace(/"/g,)+,+String(v).replace(/"/g,)+,+String(v).replace(/"/g,)+,+String(v).replace(/"/g,)+,+String(v).replace(/"/g,)+
+String(v).replace(/"/g,)+,+String(v).replace(/"/g,)+,+String(v).replace(/"/g,)+,+String(v).replace(/"/g,)+,+String(v).replace(/"/g,)+
+String(v).replace(/"/g,)+,+String(v).replace(/"/g,)+,+String(v).replace(/"/g,)+,+String(v).replace(/"/g,)+,+String(v).replace(/"/g,)+
+String(v).replace(/"/g,)+,+String(v).replace(/"/g,)+,+String(v).replace(/"/g,)+,+String(v).replace(/"/g,)+,+String(v).replace(/"/g,)+
+String(v).replace(/"/g,)+,+String(v).replace(/"/g,)+,+String(v).replace(/"/g,)+,+String(v).replace(/"/g,)+,+String(v).replace(/"/g,)+
+String(v).replace(/"/g,)+,+String(v).replace(/"/g,)+,+String(v).replace(/"/g,)+,+String(v).replace(/"/g,)+,+String(v).replace(/"/g,)+
+String(v).replace(/"/g,)+,+String(v).replace(/"/g,)+,+String(v).replace(/"/g,)+,+String(v).replace(/"/g,)+,+String(v).replace(/"/g,)+
+String(v).replace(/"/g,)+,+String(v).replace(/"/g,)+,+String(v).replace(/"/g,)+,+String(v).replace(/"/g,)+,+String(v).replace(/"/g,)+
+String(v).replace(/"/g,)+,+String(v).replace(/"/g,)+,+String(v).replace(/"/g,)+,+String(v).replace(/"/g,)+,+String(v).replace(/"/g,)+
+String(v).replace(/"/g,)+,+String(v).replace(/"/g,)+,+String(v).replace(/"/g,)+,+String(v).replace(/"/g,)+,+String(v).replace(/"/g,)+
+String(v).replace(/"/g,)+,+String(v).replace(/"/g,)+,+String(v).replace(/"/g,)+,+String(v).replace(/"/g,)+,+String(v).replace(/"/g,)+
+String(v).replace(/"/g,)+,+String(v).replace(/"/g,)+,+String(v).replace(/"/g,)+,+String(v).replace(/"/g,)+,+String(v).replace(/"/g,)+
+String(v).replace(/"/g,)+,+String(v).replace(/"/g,)+,+String(v).replace(/"/g,)+,+String(v).replace(/"/g,)+,+String(v).replace(/"/g,)+
+String(v).replace(/"/g,)+,+String(v).replace(/"/g,)+,+String(v).replace(/"/g,)+,+String(v).replace(/"/g,)+,+String(v).replace(/"/g,)+
+String(v).replace(/"/g,)+,+String(v).replace(/"/g,)+,+String(v).replace(/"/g,)+,+String(v).replace(/"/g,)+,+String(v).replace(/"/g,)+
+String(v).replace(/"/g,)+,+String(v).replace(/"/g,)+,+String(v).replace(/"/g,)+,+String(v).replace(/"/g,)+,+String(v).replace(/"/g,)+
+String(v).replace(/"/g,)+,+String(v).replace(/"/g,)+,+String(v).replace(/"/g,)+,+String(v).replace(/"/g,)+,+String(v).replace(/"/g,)+
+String(v).replace(/"/g,)+,+String(v).replace(/"/g,)+,+String(v).replace(/"/g,)+,+String(v).replace(/"/g,)+,+String(v).replace(/"/g,)+
+String(v).replace(/"/g,)+,+String(v).replace(/"/g,)+,+String(v).replace(/"/g,)+,+String(v).replace(/"/g,)+,+String(v).replace(/"/g,)+
+String(v).replace(/"/g,)+,+String(v).replace(/"/g,)+,+String(v).replace(/"/g,)+,+String(v).replace(/"/g,)+,+String(v).replace(/"/g,)+
+String(v).replace(/"/g,)+,+String(v).replace(/"/g,)+,+String(v).replace(/"/g,)+,+String(v).replace(/"/g,)+,+String(v).replace(/"/g,)+
+String(v).replace(/"/g,)+,+String(v).replace(/"/g,)+,+String(v).replace(/"/g,)+,+String(v).replace(/"/g,)+,+String(v).replace(/"/g,)+
+String(v).replace(/"/g,)+,+String(v).replace(/"/g,)+,+String(v).replace(/"/g,)+,+String(v).replace(/"/g,)+,+String(v).replace(/"/g,)+
+String(v).replace(/"/g,)+,+String(v).replace(/"/g,)+,+String(v).replace(/"/g,)+,+String(v).replace(/"/g,)+,+String(v).replace(/"/g,)+
+String(v).replace(/"/g,)+,+String(v).replace(/"/g,)+,+String(v).replace(/"/g,)+,+String(v).replace(/"/g,)+,+String(v).replace(/"/g,)+
+String(v).replace(/"/g,)+,+String(v).replace(/"/g,)+,+String(v).replace(/"/g,)+,+String(v).replace(/"/g,)+,+String(v).replace(/"/g,)+
+String(v).replace(/"/g,)+,+String(v).replace(/"/g,)+,+String(v).replace(/"/g,)+,+String(v).replace(/"/g,)+,+String(v).replace(/"/g,)+
+String(v).replace(/"/g,)+,+String(v).replace(/"/g,)+,+String(v).replace(/"/g,)+,+String(v).replace(/"/g,)+,+String(v).replace(/"/g,)+
+String(v).replace(/"/g,)+,+String(v).replace(/"/g,)+,+String(v).replace(/"/g,)+,+String(v).replace(/"/g,)+,+String(v).replace(/"/g,)+
+String(v).replace(/"/g,)+,+String(v).replace(/"/g,)+,+String(v).replace(/"/g,)+,+String(v).replace(/"/g,)+,+String(v).replace(/"/g,)+
+String(v).replace(/"/g,)+,+String(v).replace(/"/g,)+,+String(v).replace(/"/g,)+,+String(v).replace(/"/g,)+,+String(v).replace(/"/g,)+
+String(v).replace(/"/g,)+,+String(v).replace(/"/g,)+,+String(v).replace(/"/g,)+,+String(v).replace(/"/g,)+,+String(v).replace(/"/g,)+
+String(v).replace(/"/g,)+,+String(v).replace(/"/g,)+,+String(v).replace(/"/g,)+,+String(v).replace(/"/g,)+,+String(v).replace(/"/g,)+
+String(v).replace(/"/g,)+,+String(v).replace(/"/g,)+,+String(v).replace(/"/g,)+,+String(v).replace(/"/g,)+,+String(v).replace(/"/g,)+
+String(v).replace(/"/g,)+,+String(v).replace(/"/g,)+,+String(v).replace(/"/g,)+,+String(v).replace(/"/g,)+,+String(v).replace(/"/g,)+
+String(v).replace(/"/g,)+,+String(v).replace(/"/g,)+,+String(v).replace(/"/g,)+,+String(v).replace(/"/g,)+,+String(v).replace(/"/g,)+
+String(v).replace(/"/g,)+,+String(v).replace(/"/g,)+,+String(v).replace(/"/g,)+,+String(v).replace(/"/g,)+,+String(v).replace(/"/g,)+
+String(v).replace(/"/g,)+,+String(v).replace(/"/g,)+,+String(v).replace(/"/g,)+,+String(v).replace(/"/g,)+,+String(v).replace(/"/g,)+
+String(v).replace(/"/g,)+,+String(v).replace(/"/g,)+,+String(v).replace(/"/g,)+,+String(v).replace(/"/g,)+,+String(v).replace(/"/g,)+
+String(v).replace(/"/g,)+,+String(v).replace(/"/g,)+,+String(v).replace(/"/g,)+,+String(v).replace(/"/g,)+,+String(v).replace(/"/g,)+
+String(v).replace(/"/g,)+,+String(v).replace(/"/g,)+,+String(v).replace(/"/g,)+,+String(v).replace(/"/g,)+,+String(v).replace(/"/g,)+
+String(v).replace(/"/g,)+,+String(v).replace(/"/g,)+,+String(v).replace(/"/g,)+,+String(v).replace(/"/g,)+,+String(v).replace(/"/g,)+
+String(v).replace(/"/g,)+,+String(v).replace(/"/g,)+,+String(v).replace(/"/g,)+,+String(v).replace(/"/g,)+,+String(v).replace(/"/g,)+
+String(v).replace(/"/g,)+,+String(v).replace(/"/g,)+,+String(v).replace(/"/g,)+,+String(v).replace(/"/g,)+,+String(v).replace(/"/g,)+
+String(v).replace(/"/g,)+,+String(v).replace(/"/g,)+,+String(v).replace(/"/g,)+,+String(v).replace(/"/g,)+,+String(v).replace(/"/g,)+
+String(v).replace(/"/g,)+,+String(v).replace(/"/g,)+,+String(v).replace(/"/g,)+,+String(v).replace(/"/g,)+,+String(v).replace(/"/g,)+
+String(v).replace(/"/g,)+,+String(v).replace(/"/g,)+,+String(v).replace(/"/g,)+,+String(v).replace(/"/g,)+,+String(v).replace(/"/g,)+
+String(v).replace(/"/g,)+,+String(v).replace(/"/g,)+,+String(v).replace(/"/g,)+,+String(v).replace(/"/g,)+,+String(v).replace(/"/g,)+
+String(v).replace(/"/g,)+,+String(v).replace(/"/g,)+,+String(v).replace(/"/g,)+,+String(v).replace(/"/g,)+,+String(v).replace(/"/g,)+
+String(v).replace(/"/g,)+,+String(v).replace(/"/g,)+,+String(v).replace(/"/g,)+,+String(v).replace(/"/g,)+,+String(v).replace(/"/g,)+
+String(v).replace(/"/g,)+,+String(v).replace(/"/g,)+,+String(v).replace(/"/g,)+,+String(v).replace(/"/g,)+,+String(v).replace(/"/g,)+
+String(v).replace(/"/g,)+,+String(v).replace(/"/g,)+,+String(v).replace(/"/g,)+,+String(v).replace(/"/g,)+,+String(v).replace(/"/g,)+
+String(v).replace(/"/g,)+,+String(v).replace(/"/g,)+,+String(v).replace(/"/g,)+,+String(v).replace(/"/g,)+,+String(v).replace(/"/g,)+
+String(v).replace(/"/g,)+,+String(v).replace(/"/g,)+,+String(v).replace(/"/g,)+,+String(v).replace(/"/g,)+,+String(v).replace(/"/g,)+
+String(v).replace(/"/g,)+,+String(v).replace(/"/g,)+,+String(v).replace(/"/g,)+,+String(v).replace(/"/g,)+,+String(v).replace(/"/g,)+
+String(v).replace(/"/g,)+,+String(v).replace(/"/g,)+,+String(v).replace(/"/g,)+,+String(v).replace(/"/g,)+,+String(v).replace(/"/g,)+
+String(v).replace(/"/g,)+,+String(v).replace(/"/g,)+,+String(v).replace(/"/g,)+,+String(v).replace(/"/g,)+,+String(v).replace(/"/g,)+
+String(v).replace(/"/g,)+,+String(v).replace(/"/g,)+,+String(v).replace(/"/g,)+,+String(v).replace(/"/g,)+,+String(v).replace(/"/g,)+
+String(v).replace(/"/g,)+,+String(v).replace(/"/g,)+,+String(v).replace(/"/g,)+,+String(v).replace(/"/g,)+,+String(v).replace(/"/g,)+
+String(v).replace(/"/g,)+,+String(v).replace(/"/g,)+,+String(v).replace(/"/g,)+,+String(v).replace(/"/g,)+,+String(v).replace(/"/g,)+
+String(v).replace(/"/g,)+,+String(v).replace(/"/g,)+,+String(v).replace(/"/g,)+,+String(v).replace(/"/g,)+,+String(v).replace(/"/g,)+
+String(v).replace(/"/g,)+,+String(v).replace(/"/g,)+,+String(v).replace(/"/g,)+,+String(v).replace(/"/g,)+,+String(v).replace(/"/g,)+
+String(v).replace(/"/g,)+,+String(v).replace(/"/g,)+,+String(v).replace(/"/g,)+,+String(v).replace(/"/g,)+,+String(v).replace(/"/g,)+
+String(v).replace(/"/g,)+,+String(v).replace(/"/g,)+,+String(v).replace(/"/g,)+,+String(v).replace(/"/g,)+,+String(v).replace(/"/g,)+
+String(v).replace(/"/g,)+,+String(v).replace(/"/g,)+,+String(v).replace(/"/g,)+,+String(v).replace(/"/g,)+,+String(v).replace(/"/g,)+
+String(v).replace(/"/g,)+,+String(v).replace(/"/g,)+,+String(v).replace(/"/g,)+,+String(v).replace(/"/g,)+,+String(v).replace(/"/g,)+
+String(v).replace(/"/g,)+,+String(v).replace(/"/g,)+,+String(v).replace(/"/g,)+,+String(v).replace(/"/g,)+,+String(v).replace(/"/g,)+
+String(v).replace(/"/g,)+,+String(v).replace(/"/g,)+,+String(v).replace(/"/g,)+,+String(v).replace(/"/g,)+,+String(v).replace(/"/g,)+
+String(v).replace(/"/g,)+,+String(v).replace(/"/g,)+,+String(v).replace(/"/g,)+,+String(v).replace(/"/g,)+,+String(v).replace(/"/g,)+
+String(v).replace(/"/g,)+,+String(v).replace(/"/g,)+,+String(v).replace(/"/g,)+,+String(v).replace(/"/g,)+,+String(v).replace(/"/g,)+
+String(v).replace(/"/g,)+,+String(v).replace(/"/g,)+,+String(v).replace(/"/g,)+,+String(v).replace(/"/g,)+,+String(v).replace(/"/g,)+
+String(v).replace(/"/g,)+,+String(v).replace(/"/g,)+,+String(v).replace(/"/g,)+,+String(v).replace(/"/g,)+,+String(v).replace(/"/g,)+
+String(v).replace(/"/g,)+,+String(v).replace(/"/g,)+,+String(v).replace(/"/g,)+,+String(v).replace(/"/g,)+,+String(v).replace(/"/g,)+
+String(v).replace(/"/g,)+,+String(v).replace(/"/g,)+,+String(v).replace(/"/g,)+,+String(v).replace(/"/g,)+,+String(v).replace(/"/g,)+
+String(v).replace(/"/g,)+,+String(v).replace(/"/g,)+,+String(v).replace(/"/g,)+,+String(v).replace(/"/g,)+,+String(v).replace(/"/g,)+
+String(v).replace(/"/g,)+,+String(v).replace(/"/g,)+,+String(v).replace(/"/g,)+,+String(v).replace(/"/g,)+,+String(v).replace(/"/g,)+
+String(v).replace(/"/g,)+,+String(v).replace(/"/g,)+,+String(v).replace(/"/g,)+,+String(v).replace(/"/g,)+,+String(v).replace(/"/g,)+
+String(v).replace(/"/g,)+,+String(v).replace(/"/g,)+,+String(v).replace(/"/g,)+,+String(v).replace(/"/g,)+,+String(v).replace(/"/g,)+
+String(v).replace(/"/g,)+,+String(v).replace(/"/g,)+,+String(v).replace(/"/g,)+,+String(v).replace(/"/g,)+,+String(v).replace(/"/g,)+
+String(v).replace(/"/g,)+,+String(v).replace(/"/g,)+,+String(v).replace(/"/g,)+,+String(v).replace(/"/g,)+,+String(v).replace(/"/g,)+
+String(v).replace(/"/g,)+,+String(v).replace(/"/g,)+,+String(v).replace(/"/g,)+,+String(v).replace(/"/g,)+,+String(v).replace(/"/g,)+
+String(v).replace(/"/g,)+,+String(v).replace(/"/g,)+,+String(v).replace(/"/g,)+,+String(v).replace(/"/g,)+,+String(v).replace(/"/g,)+
+String(v).replace(/"/g,)+,+String(v).replace(/"/g,)+,+String(v).replace(/"/g,)+,+String(v).replace(/"/g,)+,+String(v).replace(/"/g,)+
+String(v).replace(/"/g,)+,+String(v).replace(/"/g,)+,+String(v).replace(/"/g,)+,+String(v).replace(/"/g,)+,+String(v).replace(/"/g,)+
+String(v).replace(/"/g,)+,+String(v).replace(/"/g,)+,+String(v).replace(/"/g,)+,+String(v).replace(/"/g,)+,+String(v).replace(/"/g,)+
+String(v).replace(/"/g,)+,+String(v).replace(/"/g,)+,+String(v).replace(/"/g,)+,+String(v).replace(/"/g,)+,+String(v).replace(/"/g,)+
+String(v).replace(/"/g,)+,+String(v).replace(/"/g,)+,+String(v).replace(/"/g,)+,+String(v).replace(/"/g,)+,+String(v).replace(/"/g,)+
+String(v).replace(/"/g,)+,+String(v).replace(/"/g,)+,+String(v).replace(/"/g,)+,+String(v).replace(/"/g,)+,+String(v).replace(/"/g,)+
+String(v).replace(/"/g,)+,+String(v).replace(/"/g,)+,+String(v).replace(/"/g,)+,+String(v).replace(/"/g,)+,+String(v).replace(/"/g,)+
+String(v).replace(/"/g,)+,+String(v).replace(/"/g,)+,+String(v).replace(/"/g,)+,+String(v).replace(/"/g,)+,+String(v).replace(/"/g,)+
+String(v).replace(/"/g,)+,+String(v).replace(/"/g,)+,+String(v).replace(/"/g,)+,+String(v).replace(/"/g,)+,+String(v).replace(/"/g,)+
+String(v).replace(/"/g,)+,+String(v).replace(/"/g,)+,+String(v).replace(/"/g,)+,+String(v).replace(/"/g,)+,+String(v).replace(/"/g,)+
+String(v).replace(/"/g,)+,+String(v).replace(/"/g,)+,+String(v).replace(/"/g,)+,+String(v).replace(/"/g,)+,+String(v).replace(/"/g,)+
+String(v).replace(/"/g,)+,+String(v).replace(/"/g,)+,+String(v).replace(/"/g,)+,+String(v).replace(/"/g,)+,+String(v).replace(/"/g,)+
+String(v).replace(/"/g,)+,+String(v).replace(/"/g,)+,+String(v).replace(/"/g,)+,+String(v).replace(/"/g,)+,+String(v).replace(/"/g,)+
+String(v).replace(/"/g,)+,+String(v).replace(/"/g,)+,+String(v).replace(/"/g,)+,+String(v).replace(/"/g,)+,+String(v).replace(/"/g,)+
+String(v).replace(/"/g,)+,+String(v).replace(/"/g,)+,+String(v).replace(/"/g,)+,+String(v).replace(/"/g,)+,+String(v).replace(/"/g,)+
+String(v).replace(/"/g,)+,+String(v).replace(/"/g,)+,+String(v).replace(/"/g,)+,+String(v).replace(/"/g,)+,+String(v).replace(/"/g,)+
+String(v).replace(/"/g,)+,+String(v).replace(/"/g,)+,+String(v).replace(/"/g,)+,+String(v).replace(/"/g,)+,+String(v).replace(/"/g,)+
+String(v).replace(/"/g,)+,+String(v).replace(/"/g,)+,+String(v).replace(/"/g,)+,+String(v).replace(/"/g,)+,+String(v).replace(/"/g,)+
+String(v).replace(/"/g,)+,+String(v).replace(/"/g,)+,+String(v).replace(/"/g,)+,+String(v).replace(/"/g,)+,+String(v).replace(/"/g,)+
+String(v).replace(/"/g,)+,+String(v).replace(/"/g,)+,+String(v).replace(/"/g,)+,+String(v).replace(/"/g,)+,+String(v).replace(/"/g,)+
+String(v).replace(/"/g,)+,+String(v).replace(/"/g,)+,+String(v).replace(/"/g,)+,+String(v).replace(/"/g,)+,+String(v).replace(/"/g,)+
+String(v).replace(/"/g,)+,+String(v).replace(/"/g,)+,+String(v).replace(/"/g,)+,+String(v).replace(/"/g,)+,+String(v).replace(/"/g,)+
+String(v).replace(/"/g,)+,+String(v).replace(/"/g,)+,+String(v).replace(/"/g,)+,+String(v).replace(/"/g,)+,+String(v).replace(/"/g,)+
+String(v).replace(/"/g,)+,+String(v).replace(/"/g,)+,+String(v).replace(/"/g,)+,+String(v).replace(/"/g,)+,+String(v).replace(/"/g,)+
+String(v).replace(/"/g,)+,+String(v).replace(/"/g,)+,+String(v).replace(/"/g,)+,+String(v).replace(/"/g,)+,+String(v).replace(/"/g,)+
+String(v).replace(/"/g,)+,+String(v).replace(/"/g,)+,+String(v).replace(/"/g,)+,+String(v).replace(/"/g,)+,+String(v).replace(/"/g,)+
+String(v).replace(/"/g,)+,+String(v).replace(/"/g,)+,+String(v).replace(/"/g,)+,+String(v).replace(/"/g,)+,+String(v).replace(/"/g,)+
+String(v).replace(/"/g,)+,+String(v).replace(/"/g,)+,+String(v).replace(/"/g,)+,+String(v).replace(/"/g,)+,+String(v).replace(/"/g,)+
+String(v).replace(/"/g,)+,+String(v).replace(/"/g,)+,+String(v).replace(/"/g,)+,+String(v).replace(/"/g,)+,+String(v).replace(/"/g,)+
+String(v).replace(/"/g,)+,+String(v).replace(/"/g,)+,+String(v).replace(/"/g,)+,+String(v).replace(/"/g,)+,+String(v).replace(/"/g,)+
+String(v).replace(/"/g,)+,+String(v).replace(/"/g,)+,+String(v).replace(/"/g,)+,+String(v).replace(/"/g,)+,+String(v).replace(/"/g,)+
+String(v).replace(/"/g,)+,+String(v).replace(/"/g,)+,+String(v).replace(/"/g,)+,+String(v).replace(/"/g,)+,+String(v).replace(/"/g,)+
+String(v).replace(/"/g,)+,+String(v).replace(/"/g,)+,+String(v).replace(/"/g,)+,+String(v).replace(/"/g,)+,+String(v).replace(/"/g,)+
+String(v).replace(/"/g,)+,+String(v).replace(/"/g,)+,+String(v).replace(/"/g,)+,+String(v).replace(/"/g,)+,+String(v).replace(/"/g,)+
+String(v).replace(/"/g,)+,+String(v).replace(/"/g,)+,+String(v).replace(/"/g,)+,+String(v).replace(/"/g,)+,+String(v).replace(/"/g,)+
+String(v).replace(/"/g,)+,+String(v).replace(/"/g,)+,+String(v).replace(/"/g,)+,+String(v).replace(/"/g,)+,+String(v).replace(/"/g,)+
+String(v).replace(/"/g,)+,+String(v).replace(/"/g,)+,+String(v).replace(/"/g,)+,+String(v).replace(/"/g,)+,+String(v).replace(/"/g,)+
+String(v).replace(/"/g,)+,+String(v).replace(/"/g,)+,+String(v).replace(/"/g,)+,+String(v).replace(/"/g,)+,+String(v).replace(/"/g,)+
+String(v).replace(/"/g,)+,+String(v).replace(/"/g,)+,+String(v).replace(/"/g,)+,+String(v).replace(/"/g,)+,+String(v).replace(/"/g,)+
+String(v).replace(/"/g,)+,+String(v).replace(/"/g,)+,+String(v).replace(/"/g,)+,+String(v).replace(/"/g,)+,+String(v).replace(/"/g,)+
+String(v).replace(/"/g,)+,+String(v).replace(/"/g,)+,+String(v).replace(/"/g,)+,+String(v).replace(/"/g,)+,+String(v).replace(/"/g,)+
+String(v).replace(/"/g,)+,+String(v).replace(/"/g,)+,+String(v).replace(/"/g,)+,+String(v).replace(/"/g,)+,+String(v).replace(/"/g,)+
+String(v).replace(/"/g,)+,+String(v).replace(/"/g,)+,+String(v).replace(/"/g,)+,+String(v).replace(/"/g,)+,+String(v).replace(/"/g,)+
+String(v).replace(/"/g,)+,+String(v).replace(/"/g,)+,+String(v).replace(/"/g,)+,+String(v).replace(/"/g,)+,+String(v).replace(/"/g,)+
+String(v).replace(/"/g,)+,+String(v).replace(/"/g,)+,+String(v).replace(/"/g,)+,+String(v).replace(/"/g,)+,+String(v).replace(/"/g,)+
+String(v).replace(/"/g,)+,+String(v).replace(/"/g,)+,+String(v).replace(/"/g,)+,+String(v).replace(/"/g,)+,+String(v).replace(/"/g,)+
+String(v).replace(/"/g,)+,+String(v).replace(/"/g,)+,+String(v).replace(/"/g,)+,+String(v).replace(/"/g,)+,+String(v).replace(/"/g,)+
+String(v).replace(/"/g,)+,+String(v).replace(/"/g,)+,+String(v).replace(/"/g,)+,+String(v).replace(/"/g,)+,+String(v).replace(/"/g,)+
+String(v).replace(/"/g,)+,+String(v).replace(/"/g,)+,+String(v).replace(/"/g,)+,+String(v).replace(/"/g,)+,+String(v).replace(/"/g,)+
+String(v).replace(/"/g,)+,+String(v).replace(/"/g,)+,+String(v).replace(/"/g,)+,+String(v).replace(/"/g,)+,+String(v).replace(/"/g,)+
+String(v).replace(/"/g,)+,+String(v).replace(/"/g,)+,+String(v).replace(/"/g,)+,+String(v).replace(/"/g,)+,+String(v).replace(/"/g,)+
+String(v).replace(/"/g,)+,+String(v).replace(/"/g,)+,+String(v).replace(/"/g,)+,+String(v).replace(/"/g,)+,+String(v).replace(/"/g,)+
+String(v).replace(/"/g,)+,+String(v).replace(/"/g,)+,+String(v).replace(/"/g,)+,+String(v).replace(/"/g,)+,+String(v).replace(/"/g,)+
+String(v).replace(/"/g,)+,+String(v).replace(/"/g,)+,+String(v).replace(/"/g,)+,+String(v).replace(/"/g,)+,+String(v).replace(/"/g,)+
+String(v).replace(/"/g,)+,+String(v).replace(/"/g,)+,+String(v).replace(/"/g,)+,+String(v).replace(/"/g,)+,+String(v).replace(/"/g,)+
+String(v).replace(/"/g,)+,+String(v).replace(/"/g,)+,+String(v).replace(/"/g,)+,+String(v).replace(/"/g,)+,+String(v).replace(/"/g,)+
+String(v).replace(/"/g,)+,+String(v).replace(/"/g,)+,+String(v).replace(/"/g,)+,+String(v).replace(/"/g,)+,+String(v).replace(/"/g,)+
+String(v).replace(/"/g,)+,+String(v).replace(/"/g,)+,+String(v).replace(/"/g,)+,+String(v).replace(/"/g,)+,+String(v).replace(/"/g,)+
+String(v).replace(/"/g,)+,+String(v).replace(/"/g,)+,+String(v).replace(/"/g,)+,+String(v).replace(/"/g,)+,+String(v).replace(/"/g,)+
+String(v).replace(/"/g,)+,+String(v).replace(/"/g,)+,+String(v).replace(/"/g,)+,+String(v).replace(/"/g,)+,+String(v).replace(/"/g,)+
+String(v).replace(/"/g,)+,+String(v).replace(/"/g,)+,+String(v).replace(/"/g,)+,+String(v).replace(/"/g,)+,+String(v).replace(/"/g,)+
+String(v).replace(/"/g,)+,+String(v).replace(/"/g,)+,+String(v).replace(/"/g,)+,+String(v).replace(/"/g,)+,+String(v).replace(/"/g,)+
+String(v).replace(/"/g,)+,+String(v).replace(/"/g,)+,+String(v).replace(/"/g,)+,+String(v).replace(/"/g,)+,+String(v).replace(/"/g,)+
+String(v).replace(/"/g,)+,+String(v).replace(/"/g,)+,+String(v).replace(/"/g,)+,+String(v).replace(/"/g,)+,+String(v).replace(/"/g,)+
+String(v).replace(/"/g,)+,+String(v).replace(/"/g,)+,+String(v).replace(/"/g,)+,+String(v).replace(/"/g,)+,+String(v).replace(/"/g,)+
+String(v).replace(/"/g,)+,+String(v).replace(/"/g,)+,+String(v).replace(/"/g,)+,+String(v).replace(/"/g,)+,+String(v).replace(/"/g,)+
+String(v).replace(/"/g,)+,+String(v).replace(/"/g,)+,+String(v).replace(/"/g,)+,+String(v).replace(/"/g,)+,+String(v).replace(/"/g,)+
+String(v).replace(/"/g,)+,+String(v).replace(/"/g,)+,+String(v).replace(/"/g,)+,+String(v).replace(/"/g,)+,+String(v).replace(/"/g,)+
+String(v).replace(/"/g,)+,+String(v).replace(/"/g,)+,+String(v).replace(/"/g,)+,+String(v).replace(/"/g,)+,+String(v).replace(/"/g,)+
+String(v).replace(/"/g,)+,+String(v).replace(/"/g,)+,+String(v).replace(/"/g,)+,+String(v).replace(/"/g,)+,+String(v).replace(/"/g,)+
+String(v).replace(/"/g,)+,+String(v).replace(/"/g,)+,+String(v).replace(/"/g,)+,+String(v).replace(/"/g,)+,+String(v).replace(/"/g,)+
+String(v).replace(/"/g,)+,+String(v).replace(/"/g,)+,+String(v).replace(/"/g,)+,+String(v).replace(/"/g,)+,+String(v).replace(/"/g,)+
+String(v).replace(/"/g,)+,+String(v).replace(/"/g,)+,+String(v).replace(/"/g,)+,+String(v).replace(/"/g,)+,+String(v).replace(/"/g,)+
+String(v).replace(/"/g,)+,+String(v).replace(/"/g,)+,+String(v).replace(/"/g,)+,+String(v).replace(/"/g,)+,+String(v).replace(/"/g,)+
+String(v).replace(/"/g,)+,+String(v).replace(/"/g,)+,+String(v).replace(/"/g,)+,+String(v).replace(/"/g,)+,+String(v).replace(/"/g,)+
+String(v).replace(/"/g,)+,+String(v).replace(/"/g,)+,+String(v).replace(/"/g,)+,+String(v).replace(/"/g,)+,+String(v).replace(/"/g,)+
+String(v).replace(/"/g,)+,+String(v).replace(/"/g,)+,+String(v).replace(/"/g,)+,+String(v).replace(/"/g,)+,+String(v).replace(/"/g,)+
+String(v).replace(/"/g,)+,+String(v).replace(/"/g,)+,+String(v).replace(/"/g,)+,+String(v).replace(/"/g,)+,+String(v).replace(/"/g,)+
+String(v).replace(/"/g,)+,+String(v).replace(/"/g,)+,+String(v).replace(/"/g,)+,+String(v).replace(/"/g,)+,+String(v).replace(/"/g,)+
+String(v).replace(/"/g,)+,+String(v).replace(/"/g,)+,+String(v).replace(/"/g,)+,+String(v).replace(/"/g,)+,+String(v).replace(/"/g,)+
+String(v).replace(/"/g,)+,+String(v).replace(/"/g,)+,+String(v).replace(/"/g,)+,+String(v).replace(/"/g,)+,+String(v).replace(/"/g,)+
+String(v).replace(/"/g,)+,+String(v).replace(/"/g,)+,+String(v).replace(/"/g,)+,+String(v).replace(/"/g,)+,+String(v).replace(/"/g,)+
+String(v).replace(/"/g,)+,+String(v).replace(/"/g,)+,+String(v).replace(/"/g,)+,+String(v).replace(/"/g,)+,+String(v).replace(/"/g,)+
+String(v).replace(/"/g,)+,+String(v).replace(/"/g,)+,+String(v).replace(/"/g,)+,+String(v).replace(/"/g,)+,+String(v).replace(/"/g,)+
+String(v).replace(/"/g,)+,+String(v).replace(/"/g,)+,+String(v).replace(/"/g,)+,+String(v).replace(/"/g,)+,+String(v).replace(/"/g,)+
+String(v).replace(/"/g,)+,+String(v).replace(/"/g,)+,+String(v).replace(/"/g,)+,+String(v).replace(/"/g,)+,+String(v).replace(/"/g,)+
+String(v).replace(/"/g,)+,+String(v).replace(/"/g,)+,+String(v).replace(/"/g,)+,+String(v).replace(/"/g,)+,+String(v).replace(/"/g,)+
+String(v).replace(/"/g,)+,+String(v).replace(/"/g,)+,+String(v).replace(/"/g,)+,+String(v).replace(/"/g,)+,+String(v).replace(/"/g,)+
+String(v).replace(/"/g,)+,+String(v).replace(/"/g,)+,+String(v).replace(/"/g,)+,+String(v).replace(/"/g,)+,+String(v).replace(/"/g,)+
+String(v).replace(/"/g,)+,+String(v).replace(/"/g,)+,+String(v).replace(/"/g,)+,+String(v).replace(/"/g,)+,+String(v).replace(/"/g,)+
+String(v).replace(/"/g,)+,+String(v).replace(/"/g,)+,+String(v).replace(/"/g,)+,+String(v).replace(/"/g,)+,+String(v).replace(/"/g,)+
+String(v).replace(/"/g,)+,+String(v).replace(/"/g,)+,+String(v).replace(/"/g,)+,+String(v).replace(/"/g,)+,+String(v).replace(/"/g,)+
+String(v).replace(/"/g,)+,+String(v).replace(/"/g,)+,+String(v).replace(/"/g,)+,+String(v).replace(/"/g,)+,+String(v).replace(/"/g,)+
+String(v).replace(/"/g,)+,+String(v).replace(/"/g,)+,+String(v).replace(/"/g,)+,+String(v).replace(/"/g,)+,+String(v).replace(/"/g,)+
+String(v).replace(/"/g,)+,+String(v).replace(/"/g,)+,+String(v).replace(/"/g,)+,+String(v).replace(/"/g,)+,+String(v).replace(/"/g,)+
+String(v).replace(/"/g,)+,+String(v).replace(/"/g,)+,+String(v).replace(/"/g,)+,+String(v).replace(/"/g,)+,+String(v).replace(/"/g,)+
+String(v).replace(/"/g,)+,+String(v).replace(/"/g,)+,+String(v).replace(/"/g,)+,+String(v).replace(/"/g,)+,+String(v).replace(/"/g,)+
+String(v).replace(/"/g,)+,+String(v).replace(/"/g,)+,+String(v).replace(/"/g,)+,+String(v).replace(/"/g,)+,+String(v).replace(/"/g,)+
+String(v).replace(/"/g,)+,+String(v).replace(/"/g,)+,+String(v).replace(/"/g,)+,+String(v).replace(/"/g,)+,+String(v).replace(/"/g,)+
+String(v).replace(/"/g,)+,+String(v).replace(/"/g,)+,+String(v).replace(/"/g,)+,+String(v).replace(/"/g,)+,+String(v).replace(/"/g,)+
+String(v).replace(/"/g,)+,+String(v).replace(/"/g,)+,+String(v).replace(/"/g,)+,+String(v).replace(/"/g,)+,+String(v).replace(/"/g,)+
+String(v).replace(/"/g,)+,+String(v).replace(/"/g,)+,+String(v).replace(/"/g,)+,+String(v).replace(/"/g,)+,+String(v).replace(/"/g,)+
+String(v).replace(/"/g,)+,+String(v).replace(/"/g,)+,+String(v).replace(/"/g,)+,+String(v).replace(/"/g,)+,+String(v).replace(/"/g,)+
+String(v).replace(/"/g,)+,+String(v).replace(/"/g,)+,+String(v).replace(/"/g,)+,+String(v).replace(/"/g,)+,+String(v).replace(/"/g,)+
+String(v).replace(/"/g,)+,+String(v).replace(/"/g,)+,+String(v).replace(/"/g,)+,+String(v).replace(/"/g,)+,+String(v).replace(/"/g,)+
+String(v).replace(/"/g,)+,+String(v).replace(/"/g,)+,+String(v).replace(/"/g,)+,+String(v).replace(/"/g,)+,+String(v).replace(/"/g,)+
+String(v).replace(/"/g,)+,+String(v).replace(/"/g,)+,+String(v).replace(/"/g,)+,+String(v).replace(/"/g,)+,+String(v).replace(/"/g,)+
+String(v).replace(/"/g,)+,+String(v).replace(/"/g,)+,+String(v).replace(/"/g,)+,+String(v).replace(/"/g,)+,+String(v).replace(/"/g,)+
+String(v).replace(/"/g,)+,+String(v).replace(/"/g,)+,+String(v).replace(/"/g,)+,+String(v).replace(/"/g,)+,+String(v).replace(/"/g,)+
+String(v).replace(/"/g,)+,+String(v).replace(/"/g,)+,+String(v).replace(/"/g,)+,+String(v).replace(/"/g,)+,+String(v).replace(/"/g,)+
+String(v).replace(/"/g,)+,+String(v).replace(/"/g,)+,+String(v).replace(/"/g,)+,+String(v).replace(/"/g,)+,+String(v).replace(/"/g,)+
+String(v).replace(/"/g,)+,+String(v).replace(/"/g,)+,+String(v).replace(/"/g,)+,+String(v).replace(/"/g,)+,+String(v).replace(/"/g,)+
+String(v).replace(/"/g,)+,+String(v).replace(/"/g,)+,+String(v).replace(/"/g,)+,+String(v).replace(/"/g,)+,+String(v).replace(/"/g,)+
+String(v).replace(/"/g,)+,+String(v).replace(/"/g,)+,+String(v).replace(/"/g,)+,+String(v).replace(/"/g,)+,+String(v).replace(/"/g,)+
+String(v).replace(/"/g,)+,+String(v).replace(/"/g,)+,+String(v).replace(/"/g,)+,+String(v).replace(/"/g,)+,+String(v).replace(/"/g,)+
+String(v).replace(/"/g,)+,+String(v).replace(/"/g,)+,+String(v).replace(/"/g,)+,+String(v).replace(/"/g,)+,+String(v).replace(/"/g,)+
+String(v).replace(/"/g,)+,+String(v).replace(/"/g,)+,+String(v).replace(/"/g,)+,+String(v).replace(/"/g,)+,+String(v).replace(/"/g,)+
+String(v).replace(/"/g,)+,+String(v).replace(/"/g,)+,+String(v).replace(/"/g,)+,+String(v).replace(/"/g,)+,+String(v).replace(/"/g,)+
+String(v).replace(/"/g,)+,+String(v).replace(/"/g,)+,+String(v).replace(/"/g,)+,+String(v).replace(/"/g,)+,+String(v).replace(/"/g,)+
+String(v).replace(/"/g,)+,+String(v).replace(/"/g,)+,+String(v).replace(/"/g,)+,+String(v).replace(/"/g,)+,+String(v).replace(/"/g,)+
+String(v).replace(/"/g,)+,+String(v).replace(/"/g,)+,+String(v).replace(/"/g,)+,+String(v).replace(/"/g,)+,+String(v).replace(/"/g,)+
+String(v).replace(/"/g,)+,+String(v).replace(/"/g,)+,+String(v).replace(/"/g,)+,+String(v).replace(/"/g,)+,+String(v).replace(/"/g,)+
+String(v).replace(/"/g,)+,+String(v).replace(/"/g,)+,+String(v).replace(/"/g,)+,+String(v).replace(/"/g,)+,+String(v).replace(/"/g,)+
+String(v).replace(/"/g,)+,+String(v).replace(/"/g,)+,+String(v).replace(/"/g,)+,+String(v).replace(/"/g,)+,+String(v).replace(/"/g,)+
+String(v).replace(/"/g,)+,+String(v).replace(/"/g,)+,+String(v).replace(/"/g,)+,+String(v).replace(/"/g,)+,+String(v).replace(/"/g,)+
+String(v).replace(/"/g,)+,+String(v).replace(/"/g,)+,+String(v).replace(/"/g,)+,+String(v).replace(/"/g,)+,+String(v).replace(/"/g,)+
+String(v).replace(/"/g,)+,+String(v).replace(/"/g,)+,+String(v).replace(/"/g,)+,+String(v).replace(/"/g,)+,+String(v).replace(/"/g,)+
+String(v).replace(/"/g,)+,+String(v).replace(/"/g,)+,+String(v).replace(/"/g,)+,+String(v).replace(/"/g,)+,+String(v).replace(/"/g,)+
+String(v).replace(/"/g,)+,+String(v).replace(/"/g,)+,+String(v).replace(/"/g,)+,+String(v).replace(/"/g,)+,+String(v).replace(/"/g,)+
+String(v).replace(/"/g,)+,+String(v).replace(/"/g,)+,+String(v).replace(/"/g,)+,+String(v).replace(/"/g,)+,+String(v).replace(/"/g,)+
+String(v).replace(/"/g,)+,+String(v).replace(/"/g,)+,+String(v).replace(/"/g,)+,+String(v).replace(/"/g,)+,+String(v).replace(/"/g,)+
+String(v).replace(/"/g,)+,+String(v).replace(/"/g,)+,+String(v).replace(/"/g,)+,+String(v).replace(/"/g,)+,+String(v).replace(/"/g,)+
+String(v).replace(/"/g,)+,+String(v).replace(/"/g,)+,+String(v).replace(/"/g,)+,+String(v).replace(/"/g,)+,+String(v).replace(/"/g,)+
+String(v).replace(/"/g,)+,+String(v).replace(/"/g,)+,+String(v).replace(/"/g,)+,+String(v).replace(/"/g,)+,+String(v).replace(/"/g,)+
+String(v).replace(/"/g,)+,+String(v).replace(/"/g,)+,+String(v).replace(/"/g,)+,+String(v).replace(/"/g,)+,+String(v).replace(/"/g,)+
+String(v).replace(/"/g,)+,+String(v).replace(/"/g,)+,+String(v).replace(/"/g,)+,+String(v).replace(/"/g,)+,+String(v).replace(/"/g,)+
+String(v).replace(/"/g,)+,+String(v).replace(/"/g,)+,+String(v).replace(/"/g,)+,+String(v).replace(/"/g,)+,+String(v).replace(/"/g,)+
+String(v).replace(/"/g,)+,+String(v).replace(/"/g,)+,+String(v).replace(/"/g,)+,+String(v).replace(/"/g,)+,+String(v).replace(/"/g,)+
+String(v).replace(/"/g,)+,+String(v).replace(/"/g,)+,+String(v).replace(/"/g,)+,+String(v).replace(/"/g,)+,+String(v).replace(/"/g,)+
+String(v).replace(/"/g,)+,+String(v).replace(/"/g,)+,+String(v).replace(/"/g,)+,+String(v).replace(/"/g,)+,+String(v).replace(/"/g,)+
+String(v).replace(/"/g,)+,+String(v).replace(/"/g,)+,+String(v).replace(/"/g,)+,+String(v).replace(/"/g,)+,+String(v).replace(/"/g,)+
+String(v).replace(/"/g,)+,+String(v).replace(/"/g,)+,+String(v).replace(/"/g,)+,+String(v).replace(/"/g,)+,+String(v).replace(/"/g,)+
+String(v).replace(/"/g,)+,+String(v).replace(/"/g,)+,+String(v).replace(/"/g,)+,+String(v).replace(/"/g,)+,+String(v).replace(/"/g,)+
+String(v).replace(/"/g,)+,+String(v).replace(/"/g,)+,+String(v).replace(/"/g,)+,+String(v).replace(/"/g,)+,+String(v).replace(/"/g,)+
+String(v).replace(/"/g,)+,+String(v).replace(/"/g,)+,+String(v).replace(/"/g,)+,+String(v).replace(/"/g,)+,+String(v).replace(/"/g,)+
+String(v).replace(/"/g,)+,+String(v).replace(/"/g,)+,+String(v).replace(/"/g,)+,+String(v).replace(/"/g,)+,+String(v).replace(/"/g,)+
+String(v).replace(/"/g,)+,+String(v).replace(/"/g,)+,+String(v).replace(/"/g,)+,+String(v).replace(/"/g,)+,+String(v).replace(/"/g,)+
+String(v).replace(/"/g,)+,+String(v).replace(/"/g,)+,+String(v).replace(/"/g,)+,+String(v).replace(/"/g,)+,+String(v).replace(/"/g,)+
+String(v).replace(/"/g,)+,+String(v).replace(/"/g,)+,+String(v).replace(/"/g,)+,+String(v).replace(/"/g,)+,+String(v).replace(/"/g,)+
+String(v).replace(/"/g,)+,+String(v).replace(/"/g,)+,+String(v).replace(/"/g,)+,+String(v).replace(/"/g,)+,+String(v).replace(/"/g,)+
+String(v).replace(/"/g,)+,+String(v).replace(/"/g,)+,+String(v).replace(/"/g,)+,+String(v).replace(/"/g,)+,+String(v).replace(/"/g,)+
+String(v).replace(/"/g,)+,+String(v).replace(/"/g,)+,+String(v).replace(/"/g,)+,+String(v).replace(/"/g,)+,+String(v).replace(/"/g,)+
+String(v).replace(/"/g,)+,+String(v).replace(/"/g,)+,+String(v).replace(/"/g,)+,+String(v).replace(/"/g,)+,+String(v).replace(/"/g,)+
+String(v).replace(/"/g,)+,+String(v).replace(/"/g,)+,+String(v).replace(/"/g,)+,+String(v).replace(/"/g,)+,+String(v).replace(/"/g,)+
+String(v).replace(/"/g,)+,+String(v).replace(/"/g,)+,+String(v).replace(/"/g,)+,+String(v).replace(/"/g,)+,+String(v).replace(/"/g,)+
+String(v).replace(/"/g,)+,+String(v).replace(/"/g,)+,+String(v).replace(/"/g,)+,+String(v).replace(/"/g,)+,+String(v).replace(/"/g,)+
+String(v).replace(/"/g,)+,+String(v).replace(/"/g,)+,+String(v).replace(/"/g,)+,+String(v).replace(/"/g,)+,+String(v).replace(/"/g,)+
+String(v).replace(/"/g,)+,+String(v).replace(/"/g,)+,+String(v).replace(/"/g,)+,+String(v).replace(/"/g,)+,+String(v).replace(/"/g,)+
+String(v).replace(/"/g,)+,+String(v).replace(/"/g,)+,+String(v).replace(/"/g,)+,+String(v).replace(/"/g,)+,+String(v).replace(/"/g,)+
+String(v).replace(/"/g,)+,+String(v).replace(/"/g,)+,+String(v).replace(/"/g,)+,+String(v).replace(/"/g,)+,+String(v).replace(/"/g,)+
+String(v).replace(/"/g,)+,+String(v).replace(/"/g,)+,+String(v).replace(/"/g,)+,+String(v).replace(/"/g,)+,+String(v).replace(/"/g,)+
+String(v).replace(/"/g,)+,+String(v).replace(/"/g,)+,+String(v).replace(/"/g,)+,+String(v).replace(/"/g,)+,+String(v).replace(/"/g,)+
+String(v).replace(/"/g,)+,+String(v).replace(/"/g,)+,+String(v).replace(/"/g,)+,+String(v).replace(/"/g,)+,+String(v).replace(/"/g,)+
+String(v).replace(/"/g,)+,+String(v).replace(/"/g,)+,+String(v).replace(/"/g,)+,+String(v).replace(/"/g,)+,+String(v).replace(/"/g,)+
+String(v).replace(/"/g,)+,+String(v).replace(/"/g,)+,+String(v).replace(/"/g,)+,+String(v).replace(/"/g,)+,+String(v).replace(/"/g,)+
+String(v).replace(/"/g,)+,+String(v).replace(/"/g,)+,+String(v).replace(/"/g,)+,+String(v).replace(/"/g,)+,+String(v).replace(/"/g,)+
+String(v).replace(/"/g,)+,+String(v).replace(/"/g,)+,+String(v).replace(/"/g,)+,+String(v).replace(/"/g,)+,+String(v).replace(/"/g,)+
+String(v).replace(/"/g,)+,+String(v).replace(/"/g,)+,+String(v).replace(/"/g,)+,+String(v).replace(/"/g,)+,+String(v).replace(/"/g,)+
+String(v).replace(/"/g,)+,+String(v).replace(/"/g,)+,+String(v).replace(/"/g,)+,+String(v).replace(/"/g,)+,+String(v).replace(/"/g,)+
+String(v).replace(/"/g,)+,+String(v).replace(/"/g,)+,+String(v).replace(/"/g,)+,+String(v).replace(/"/g,)+,+String(v).replace(/"/g,)+
+String(v).replace(/"/g,)+,+String(v).replace(/"/g,)+,+String(v).replace(/"/g,)+,+String(v).replace(/"/g,)+,+String(v).replace(/"/g,)+
+String(v).replace(/"/g,)+,+String(v).replace(/"/g,)+,+String(v).replace(/"/g,)+,+String(v).replace(/"/g,)+,+String(v).replace(/"/g,)+
+String(v).replace(/"/g,)+,+String(v).replace(/"/g,)+,+String(v).replace(/"/g,)+,+String(v).replace(/"/g,)+,+String(v).replace(/"/g,)+
+String(v).replace(/"/g,)+,+String(v).replace(/"/g,)+,+String(v).replace(/"/g,)+,+String(v).replace(/"/g,)+,+String(v).replace(/"/g,)+
+String(v).replace(/"/g,)+,+String(v).replace(/"/g,)+,+String(v).replace(/"/g,)+,+String(v).replace(/"/g,)+,+String(v).replace(/"/g,)+
+String(v).replace(/"/g,)+,+String(v).replace(/"/g,)+,+String(v).replace(/"/g,)+,+String(v).replace(/"/g,)+,+String(v).replace(/"/g,)+
+String(v).replace(/"/g,)+,+String(v).replace(/"/g,)+,+String(v).replace(/"/g,)+,+String(v).replace(/"/g,)+,+String(v).replace(/"/g,)+
+String(v).replace(/"/g,)+,+String(v).replace(/"/g,)+,+String(v).replace(/"/g,)+,+String(v).replace(/"/g,)+,+String(v).replace(/"/g,)+
+String(v).replace(/"/g,)+,+String(v).replace(/"/g,)+,+String(v).replace(/"/g,)+,+String(v).replace(/"/g,)+,+String(v).replace(/"/g,)+
+String(v).replace(/"/g,)+,+String(v).replace(/"/g,)+,+String(v).replace(/"/g,)+,+String(v).replace(/"/g,)+,+String(v).replace(/"/g,)+
+String(v).replace(/"/g,)+,+String(v).replace(/"/g,)+,+String(v).replace(/"/g,)+,+String(v).replace(/"/g,)+,+String(v).replace(/"/g,)+
+String(v).replace(/"/g,)+,+String(v).replace(/"/g,)+,+String(v).replace(/"/g,)+,+String(v).replace(/"/g,)+,+String(v).replace(/"/g,)+
+String(v).replace(/"/g,)+,+String(v).replace(/"/g,)+,+String(v).replace(/"/g,)+,+String(v).replace(/"/g,)+,+String(v).replace(/"/g,)+
+String(v).replace(/"/g,)+,+String(v).replace(/"/g,)+,+String(v).replace(/"/g,)+,+String(v).replace(/"/g,)+,+String(v).replace(/"/g,)+
+String(v).replace(/"/g,)+,+String(v).replace(/"/g,)+,+String(v).replace(/"/g,)+,+String(v).replace(/"/g,)+,+String(v).replace(/"/g,)+
+String(v).replace(/"/g,)+,+String(v).replace(/"/g,)+,+String(v).replace(/"/g,)+,+String(v).replace(/"/g,)+,+String(v).replace(/"/g,)+
+String(v).replace(/"/g,)+,+String(v).replace(/"/g,)+,+String(v).replace(/"/g,)+,+String(v).replace(/"/g,)+,+String(v).replace(/"/g,)+
+String(v).replace(/"/g,)+,+String(v).replace(/"/g,)+,+String(v).replace(/"/g,)+,+String(v).replace(/"/g,)+,+String(v).replace(/"/g,)+
+String(v).replace(/"/g,)+,+String(v).replace(/"/g,)+,+String(v).replace(/"/g,)+,+String(v).replace(/"/g,)+,+String(v).replace(/"/g,)+
+String(v).replace(/"/g,)+,+String(v).replace(/"/g,)+,+String(v).replace(/"/g,)+,+String(v).replace(/"/g,)+,+String(v).replace(/"/g,)+
+String(v).replace(/"/g,)+,+String(v).replace(/"/g,)+,+String(v).replace(/"/g,)+,+String(v).replace(/"/g,)+,+String(v).replace(/"/g,)+
+String(v).replace(/"/g,)+,+String(v).replace(/"/g,)+,+String(v).replace(/"/g,)+,+String(v).replace(/"/g,)+,+String(v).replace(/"/g,)+
+String(v).replace(/"/g,)+,+String(v).replace(/"/g,)+,+String(v).replace(/"/g,)+,+String(v).replace(/"/g,)+,+String(v).replace(/"/g,)+
+String(v).replace(/"/g,)+,+String(v).replace(/"/g,)+,+String(v).replace(/"/g,)+,+String(v).replace(/"/g,)+,+String(v).replace(/"/g,)+